left_shoulder_x,left_shoulder_y,right_shoulder_x,right_shoulder_y,left_elbow_x,left_elbow_y,right_elbow_x,right_elbow_y,result
606.1390042304993,223.12378004193306,402.4111032485962,215.29045835137367,402.4111032485962,215.29045835137367,401.4111032485962,215.29045835137367,1
606.1390042304993,223.12378004193306,402.4111032485962,215.29045835137367,402.4111032485962,215.29045835137367,402.4111032485962,215.29045835137367,0
606.1390042304993,223.12378004193306,402.4111032485962,215.29045835137367,402.4111032485962,215.29045835137367,403.4111032485962,215.29045835137367,1
